{"mean": 0.29738348918949625, "std": 0.35564616914402686, "seq_len": 12}